Transaction_ID,Customer_ID,Card_Number,Transaction_Date,Transaction_Type,Amount,Currency,Merchant,Category,Installment_Count,Remaining_Installments
TXN980058,CUST0001,8611613955646179,2024-09-22,Ödeme,1615.09,TRY,IKEA,Elektronik,6,6
TXN974014,CUST0001,8611613955646179,2025-01-20,Satın Alma,1534.81,TRY,Walmart,Market,0,0
TXN562041,CUST0001,8611613955646179,2024-10-29,Para Çekme,3107.2,TRY,Spotify,Yemek,6,3
TXN201403,CUST0001,8611613955646179,2024-10-05,Para Çekme,534.62,TRY,Walmart,Faturalar,12,4
TXN261530,CUST0001,8611613955646179,2024-09-30,Para Çekme,4509.64,TRY,Starbucks,Elektronik,0,0
TXN200209,CUST0001,8611613955646179,2025-02-01,İade,1191.46,TRY,Starbucks,Market,6,6
TXN710870,CUST0001,8611613955646179,2025-02-03,Para Çekme,3002.83,TRY,Netflix,Yemek,6,0
TXN441279,CUST0001,8611613955646179,2025-01-19,Ödeme,2538.67,TRY,Netflix,Yemek,9,7
TXN201641,CUST0001,7547384844941929,2024-09-16,Para Çekme,1845.6,TRY,Apple Store,Elektronik,9,0
TXN283689,CUST0001,7547384844941929,2025-02-28,İade,270.92,TRY,Airbnb,Market,9,9
TXN409284,CUST0001,7547384844941929,2025-02-21,Satın Alma,505.73,TRY,Netflix,Alışveriş,0,0
TXN751435,CUST0001,7547384844941929,2024-11-11,Ödeme,3352.92,TRY,Amazon,Seyahat,6,0
TXN236626,CUST0001,7547384844941929,2024-11-03,Ödeme,4980.42,TRY,Spotify,Alışveriş,3,2
TXN955045,CUST0001,7547384844941929,2025-01-27,Ödeme,4786.57,TRY,Starbucks,Eğlence,6,4
TXN720970,CUST0001,7547384844941929,2024-11-23,İade,4097.53,TRY,Starbucks,Seyahat,12,8
TXN351509,CUST0001,1760004672059280,2024-11-08,Para Çekme,2563.25,TRY,Amazon,Market,3,1
TXN281503,CUST0001,1760004672059280,2024-10-03,Satın Alma,4839.26,TRY,Amazon,Eğlence,12,8
TXN596927,CUST0001,1760004672059280,2024-12-18,Satın Alma,966.47,TRY,Walmart,Elektronik,3,0
TXN230073,CUST0001,1760004672059280,2024-10-05,Para Çekme,2251.96,TRY,Starbucks,Elektronik,9,6
TXN174508,CUST0001,1760004672059280,2024-12-04,Ödeme,1082.62,TRY,Walmart,Elektronik,6,0
TXN485717,CUST0001,1760004672059280,2025-01-26,Para Çekme,1312.02,TRY,Netflix,Elektronik,3,2
TXN513483,CUST0001,1760004672059280,2024-10-13,Ödeme,3088.02,TRY,IKEA,Market,6,4
TXN431012,CUST0001,1760004672059280,2024-10-14,Satın Alma,3113.47,TRY,Starbucks,Elektronik,0,0
TXN265994,CUST0001,1760004672059280,2025-01-12,Satın Alma,195.94,TRY,Starbucks,Market,12,10
TXN337335,CUST0001,6996713488053909,2024-10-23,Para Çekme,3855.38,TRY,Netflix,Seyahat,6,5
TXN268469,CUST0001,6996713488053909,2024-11-01,Para Çekme,611.61,TRY,Apple Store,Seyahat,6,1
TXN370510,CUST0001,6996713488053909,2024-11-12,Ödeme,1355.86,TRY,Amazon,Alışveriş,0,0
TXN605499,CUST0001,6996713488053909,2025-01-15,Satın Alma,4347.43,TRY,IKEA,Market,6,3
TXN794814,CUST0001,6996713488053909,2024-12-01,Satın Alma,2931.64,TRY,Amazon,Market,0,0
TXN905550,CUST0001,6996713488053909,2025-02-01,Ödeme,4598.05,TRY,Apple Store,Alışveriş,9,8
TXN452871,CUST0001,6996713488053909,2024-10-03,Satın Alma,2298.3,TRY,Spotify,Faturalar,3,0
TXN457583,CUST0001,6996713488053909,2024-10-04,Satın Alma,1873.7,TRY,Uber,Yemek,12,0
TXN953857,CUST0001,6996713488053909,2024-11-13,Ödeme,1351.73,TRY,Uber,Elektronik,0,0
TXN997395,CUST0001,6996713488053909,2024-12-31,İade,3289.38,TRY,Apple Store,Alışveriş,3,3
TXN510713,CUST0001,6996713488053909,2024-10-15,Satın Alma,3504.0,TRY,Netflix,Alışveriş,6,3
TXN201589,CUST0001,6996713488053909,2024-09-18,Ödeme,3982.33,TRY,Spotify,Eğlence,0,0
TXN855708,CUST0001,6996713488053909,2024-10-06,Ödeme,1759.65,TRY,Apple Store,Elektronik,3,3
TXN320959,CUST0001,6996713488053909,2024-10-03,İade,3282.4,TRY,Starbucks,Market,0,0
TXN421822,CUST0001,6996713488053909,2025-02-21,İade,1240.47,TRY,Starbucks,Market,0,0
TXN647346,CUST0001,2707128363143517,2025-02-14,İade,1947.97,TRY,Walmart,Seyahat,12,3
TXN702271,CUST0001,2707128363143517,2025-03-07,Para Çekme,388.09,TRY,Spotify,Alışveriş,3,2
TXN459003,CUST0001,2707128363143517,2024-11-09,Para Çekme,1243.49,TRY,Airbnb,Eğlence,9,9
TXN514643,CUST0001,2707128363143517,2025-01-25,Para Çekme,3318.86,TRY,Netflix,Yemek,6,0
TXN912764,CUST0001,2707128363143517,2025-01-18,Satın Alma,3788.75,TRY,Netflix,Market,6,6
TXN429672,CUST0001,2707128363143517,2025-01-26,İade,3188.19,TRY,Uber,Seyahat,3,1
TXN246843,CUST0001,2707128363143517,2024-10-11,Ödeme,3888.46,TRY,Spotify,Eğlence,6,5
TXN823130,CUST0001,2707128363143517,2024-10-16,Satın Alma,3248.99,TRY,Starbucks,Faturalar,9,0
TXN553498,CUST0001,2707128363143517,2025-02-16,Satın Alma,2689.78,TRY,Airbnb,Eğlence,9,9
TXN757885,CUST0001,2707128363143517,2024-09-22,Satın Alma,3275.23,TRY,Amazon,Market,9,5
TXN618312,CUST0001,2707128363143517,2024-12-02,İade,338.07,TRY,IKEA,Market,3,1
TXN990967,CUST0001,2707128363143517,2025-01-04,Ödeme,1069.19,TRY,IKEA,Alışveriş,6,3
TXN976095,CUST0001,2707128363143517,2024-11-20,Para Çekme,4859.84,TRY,Starbucks,Yemek,3,3
TXN965434,CUST0001,2707128363143517,2025-03-05,İade,4462.58,TRY,Uber,Faturalar,0,0
TXN662487,CUST0001,2707128363143517,2025-02-15,Para Çekme,2687.5,TRY,Walmart,Faturalar,0,0
TXN660460,CUST0002,6010039710463767,2024-11-09,İade,2630.81,TRY,Airbnb,Market,6,2
TXN967153,CUST0002,6010039710463767,2024-11-13,Satın Alma,3986.97,TRY,Starbucks,Seyahat,12,11
TXN385192,CUST0002,6010039710463767,2024-12-13,Ödeme,1518.76,TRY,Airbnb,Eğlence,12,6
TXN848306,CUST0002,6010039710463767,2025-02-20,Ödeme,1906.22,TRY,Airbnb,Eğlence,12,2
TXN944671,CUST0002,6010039710463767,2024-12-24,Para Çekme,2890.81,TRY,Uber,Market,6,2
TXN147193,CUST0002,6010039710463767,2024-10-31,İade,2985.51,TRY,Airbnb,Market,12,2
TXN694224,CUST0002,6010039710463767,2024-12-27,İade,1575.85,TRY,Walmart,Yemek,0,0
TXN556585,CUST0002,6010039710463767,2024-10-09,Para Çekme,666.65,TRY,Walmart,Faturalar,12,5
TXN509917,CUST0002,6010039710463767,2025-01-14,Ödeme,190.96,TRY,Spotify,Alışveriş,3,3
TXN172142,CUST0002,6010039710463767,2024-12-01,Para Çekme,492.85,TRY,Airbnb,Elektronik,12,4
TXN510299,CUST0002,6010039710463767,2025-03-08,Para Çekme,1295.35,TRY,Netflix,Alışveriş,0,0
TXN942090,CUST0002,6010039710463767,2025-01-02,Para Çekme,4078.63,TRY,Walmart,Seyahat,12,12
TXN864451,CUST0002,2599674682234109,2024-12-24,İade,3003.63,TRY,Uber,Eğlence,3,0
TXN226008,CUST0002,2599674682234109,2025-03-12,Ödeme,2007.9,TRY,Airbnb,Faturalar,6,2
TXN294291,CUST0002,2599674682234109,2025-01-11,Para Çekme,3338.87,TRY,Walmart,Elektronik,6,2
TXN294375,CUST0002,2599674682234109,2024-12-17,İade,2692.8,TRY,Airbnb,Alışveriş,0,0
TXN508929,CUST0002,2599674682234109,2025-02-04,Para Çekme,3394.01,TRY,Netflix,Alışveriş,3,3
TXN857032,CUST0002,2599674682234109,2024-11-09,Satın Alma,4904.0,TRY,Apple Store,Eğlence,0,0
TXN894388,CUST0002,2599674682234109,2024-10-10,Ödeme,1105.23,TRY,Airbnb,Alışveriş,3,2
TXN820321,CUST0002,2599674682234109,2025-02-12,Satın Alma,3471.32,TRY,Spotify,Alışveriş,9,2
TXN454250,CUST0002,2599674682234109,2024-10-01,İade,1790.26,TRY,Uber,Alışveriş,3,3
TXN285445,CUST0002,2599674682234109,2024-11-11,Ödeme,1474.09,TRY,Uber,Yemek,12,12
TXN358739,CUST0002,2599674682234109,2024-12-01,İade,2860.65,TRY,Netflix,Alışveriş,3,1
TXN350654,CUST0002,8876597676761482,2024-11-12,Satın Alma,4881.16,TRY,Spotify,Alışveriş,3,1
TXN484266,CUST0002,8876597676761482,2025-02-14,Satın Alma,4924.43,TRY,Uber,Elektronik,3,3
TXN191514,CUST0002,8876597676761482,2024-12-14,Satın Alma,2448.1,TRY,Walmart,Seyahat,12,3
TXN232534,CUST0002,8876597676761482,2024-10-13,Satın Alma,3892.56,TRY,Apple Store,Alışveriş,9,2
TXN160237,CUST0002,8876597676761482,2024-09-26,İade,2396.56,TRY,Apple Store,Alışveriş,6,3
TXN290375,CUST0002,7163550680459220,2024-12-18,İade,2367.86,TRY,Amazon,Elektronik,0,0
TXN222483,CUST0002,7163550680459220,2025-02-07,Satın Alma,4509.25,TRY,Starbucks,Faturalar,3,1
TXN776894,CUST0002,7163550680459220,2025-01-23,Para Çekme,785.99,TRY,Amazon,Alışveriş,9,7
TXN452469,CUST0002,7163550680459220,2024-12-09,Satın Alma,358.82,TRY,Starbucks,Eğlence,0,0
TXN858182,CUST0002,7163550680459220,2025-02-18,İade,2171.38,TRY,Starbucks,Eğlence,12,0
TXN592120,CUST0002,2758232752130145,2024-11-18,Para Çekme,4975.55,TRY,Airbnb,Seyahat,12,2
TXN655541,CUST0002,2758232752130145,2025-01-05,Ödeme,4504.38,TRY,Spotify,Alışveriş,9,3
TXN614939,CUST0002,2758232752130145,2024-12-18,Ödeme,165.04,TRY,Starbucks,Seyahat,12,10
TXN824427,CUST0002,2758232752130145,2024-10-25,Para Çekme,4527.99,TRY,Apple Store,Seyahat,6,2
TXN636863,CUST0002,2758232752130145,2025-02-06,Satın Alma,2863.01,TRY,Netflix,Eğlence,0,0
TXN356407,CUST0002,2758232752130145,2025-01-12,İade,3063.73,TRY,Amazon,Elektronik,9,8
TXN826118,CUST0003,3661010139138957,2025-01-31,Para Çekme,3893.46,TRY,Starbucks,Eğlence,9,7
TXN344372,CUST0003,3661010139138957,2024-09-28,Ödeme,3217.93,TRY,Walmart,Elektronik,3,3
TXN847514,CUST0003,3661010139138957,2024-11-22,Para Çekme,1269.96,TRY,Netflix,Elektronik,12,7
TXN686462,CUST0003,3661010139138957,2024-12-22,İade,121.0,TRY,Spotify,Seyahat,3,1
TXN452918,CUST0003,3661010139138957,2025-01-09,Ödeme,4363.34,TRY,Spotify,Eğlence,0,0
TXN367983,CUST0003,3661010139138957,2024-12-04,Para Çekme,2985.07,TRY,Walmart,Yemek,12,12
TXN695882,CUST0003,3661010139138957,2025-02-25,İade,3962.53,TRY,Airbnb,Yemek,6,2
TXN625386,CUST0003,3661010139138957,2024-12-01,Satın Alma,2018.84,TRY,Spotify,Market,0,0
TXN668178,CUST0003,3661010139138957,2024-09-25,İade,2681.25,TRY,Airbnb,Seyahat,0,0
TXN927412,CUST0003,4995458514802714,2024-09-30,Para Çekme,2576.35,TRY,Uber,Market,3,1
TXN223159,CUST0003,4995458514802714,2024-09-23,Ödeme,2106.83,TRY,Netflix,Elektronik,9,2
TXN953186,CUST0003,4995458514802714,2024-10-12,Ödeme,3440.62,TRY,IKEA,Seyahat,9,7
TXN474686,CUST0003,4995458514802714,2025-02-08,Satın Alma,1381.29,TRY,Netflix,Eğlence,0,0
TXN128134,CUST0003,4995458514802714,2025-02-16,Satın Alma,3469.72,TRY,IKEA,Yemek,3,0
TXN349245,CUST0003,4995458514802714,2025-01-09,Satın Alma,4663.65,TRY,Airbnb,Seyahat,6,2
TXN870240,CUST0003,4995458514802714,2024-09-27,İade,2476.74,TRY,Netflix,Yemek,3,2
TXN526315,CUST0003,4995458514802714,2025-02-06,Ödeme,1349.43,TRY,Uber,Market,3,0
TXN295633,CUST0003,9487131481917086,2025-02-10,Ödeme,4720.86,TRY,Amazon,Eğlence,3,1
TXN588821,CUST0003,9487131481917086,2024-11-13,İade,3248.23,TRY,Walmart,Yemek,3,2
TXN123754,CUST0003,9487131481917086,2025-01-12,Satın Alma,1697.18,TRY,Netflix,Market,12,0
TXN352223,CUST0003,9487131481917086,2024-10-21,İade,1844.85,TRY,Uber,Alışveriş,12,10
TXN318853,CUST0003,9487131481917086,2024-10-27,Ödeme,19.93,TRY,Apple Store,Elektronik,0,0
TXN464502,CUST0003,9487131481917086,2025-01-14,Para Çekme,3546.37,TRY,Amazon,Seyahat,3,1
TXN894141,CUST0003,9487131481917086,2025-01-17,Para Çekme,3527.44,TRY,Apple Store,Seyahat,9,1
TXN858220,CUST0003,9487131481917086,2024-09-29,Satın Alma,2285.19,TRY,IKEA,Faturalar,6,3
TXN297334,CUST0003,9487131481917086,2025-02-20,Para Çekme,3317.12,TRY,Walmart,Market,0,0
TXN534136,CUST0003,9487131481917086,2025-03-07,Para Çekme,4042.57,TRY,Starbucks,Alışveriş,3,2
TXN908129,CUST0003,9487131481917086,2025-03-12,İade,2023.28,TRY,Walmart,Eğlence,9,7
TXN959178,CUST0003,9487131481917086,2024-11-07,Satın Alma,229.79,TRY,Apple Store,Eğlence,12,10
TXN798671,CUST0003,4453313807672006,2024-10-22,İade,2562.77,TRY,Walmart,Alışveriş,6,3
TXN180537,CUST0003,4453313807672006,2024-10-18,Satın Alma,2811.97,TRY,Amazon,Market,3,1
TXN658870,CUST0003,4453313807672006,2025-01-02,Satın Alma,2900.46,TRY,Netflix,Market,9,9
TXN399743,CUST0003,4453313807672006,2024-12-23,Para Çekme,4968.71,TRY,Airbnb,Eğlence,12,11
TXN174687,CUST0003,4453313807672006,2024-12-08,Ödeme,4346.72,TRY,Uber,Seyahat,0,0
TXN109682,CUST0003,4453313807672006,2024-10-17,Para Çekme,4795.18,TRY,IKEA,Yemek,9,5
TXN688159,CUST0003,4453313807672006,2024-12-31,İade,2683.46,TRY,Spotify,Yemek,6,6
TXN668772,CUST0003,4453313807672006,2025-02-07,Ödeme,284.79,TRY,Starbucks,Alışveriş,12,3
TXN215800,CUST0003,4453313807672006,2025-01-22,Para Çekme,3145.77,TRY,Apple Store,Alışveriş,0,0
TXN954537,CUST0003,6272839393081539,2025-01-18,İade,4236.06,TRY,Netflix,Faturalar,3,3
TXN326077,CUST0003,6272839393081539,2024-09-15,Ödeme,1246.13,TRY,Airbnb,Eğlence,3,3
TXN117238,CUST0003,6272839393081539,2024-09-21,Ödeme,4498.78,TRY,Starbucks,Market,6,0
TXN955786,CUST0003,6272839393081539,2024-12-22,Ödeme,2568.27,TRY,Spotify,Seyahat,12,10
TXN915390,CUST0003,6272839393081539,2025-01-17,İade,2153.34,TRY,Starbucks,Eğlence,9,1
TXN304104,CUST0003,6272839393081539,2024-09-17,Satın Alma,3548.05,TRY,Spotify,Alışveriş,3,0
TXN337472,CUST0003,6272839393081539,2024-12-02,İade,345.23,TRY,IKEA,Market,0,0
TXN504258,CUST0004,7725717634305692,2024-11-22,İade,1214.15,TRY,Starbucks,Market,6,5
TXN155560,CUST0004,7725717634305692,2025-01-28,Ödeme,1170.81,TRY,Apple Store,Eğlence,12,0
TXN318876,CUST0004,7725717634305692,2025-02-16,Para Çekme,1393.89,TRY,Spotify,Faturalar,12,8
TXN668448,CUST0004,7725717634305692,2024-11-30,Para Çekme,1698.28,TRY,Spotify,Market,9,8
TXN507728,CUST0004,7725717634305692,2024-12-08,Satın Alma,3323.75,TRY,Amazon,Yemek,6,4
TXN221335,CUST0004,7725717634305692,2025-01-09,Satın Alma,1320.78,TRY,Walmart,Elektronik,3,0
TXN790985,CUST0004,7725717634305692,2024-10-28,Ödeme,2338.13,TRY,Walmart,Elektronik,0,0
TXN937516,CUST0004,7725717634305692,2025-01-27,İade,2456.65,TRY,Airbnb,Alışveriş,12,5
TXN569631,CUST0004,7725717634305692,2024-12-09,Satın Alma,750.49,TRY,Netflix,Yemek,3,2
TXN265036,CUST0004,7725717634305692,2024-09-30,Ödeme,2904.62,TRY,Apple Store,Alışveriş,6,6
TXN204655,CUST0004,7725717634305692,2024-10-20,Ödeme,2536.87,TRY,Starbucks,Market,6,2
TXN296384,CUST0004,7725717634305692,2024-09-15,İade,2131.71,TRY,IKEA,Elektronik,9,6
TXN740320,CUST0004,7725717634305692,2025-01-29,İade,3450.83,TRY,Netflix,Eğlence,12,1
TXN609180,CUST0004,7725717634305692,2024-09-18,Satın Alma,4062.44,TRY,Apple Store,Faturalar,9,1
TXN513267,CUST0004,7725717634305692,2024-09-24,Para Çekme,2198.42,TRY,Amazon,Market,9,9
TXN407479,CUST0004,9641107344193305,2024-10-31,İade,955.46,TRY,Amazon,Market,0,0
TXN991325,CUST0004,9641107344193305,2025-03-08,Para Çekme,4180.79,TRY,Netflix,Yemek,6,0
TXN169398,CUST0004,9641107344193305,2025-03-07,Ödeme,3035.6,TRY,Airbnb,Elektronik,0,0
TXN275922,CUST0004,9641107344193305,2025-02-07,Para Çekme,4888.93,TRY,Walmart,Faturalar,6,6
TXN336658,CUST0004,9641107344193305,2025-02-06,Ödeme,3382.08,TRY,Spotify,Alışveriş,12,12
TXN838022,CUST0004,9641107344193305,2024-12-15,Satın Alma,4248.17,TRY,Netflix,Eğlence,6,1
TXN985714,CUST0004,9641107344193305,2024-10-02,Para Çekme,3577.37,TRY,Airbnb,Alışveriş,6,1
TXN659060,CUST0004,9641107344193305,2025-03-03,Satın Alma,1368.99,TRY,IKEA,Alışveriş,6,6
TXN634885,CUST0004,9641107344193305,2025-01-14,Para Çekme,306.73,TRY,Walmart,Elektronik,6,2
TXN372008,CUST0004,2591839097222232,2024-10-15,İade,1593.55,TRY,Spotify,Seyahat,9,7
TXN441424,CUST0004,2591839097222232,2025-03-10,Satın Alma,562.48,TRY,Apple Store,Yemek,3,3
TXN108312,CUST0004,2591839097222232,2025-02-01,Ödeme,2467.74,TRY,Spotify,Faturalar,9,8
TXN617826,CUST0004,2591839097222232,2024-10-01,İade,1459.27,TRY,Airbnb,Market,9,3
TXN271760,CUST0004,2591839097222232,2024-09-28,Para Çekme,1210.98,TRY,Airbnb,Market,12,5
TXN411270,CUST0004,2591839097222232,2025-02-04,İade,4420.48,TRY,Amazon,Elektronik,0,0
TXN447825,CUST0004,2591839097222232,2024-11-08,İade,2319.62,TRY,Airbnb,Alışveriş,0,0
TXN801167,CUST0004,2591839097222232,2024-10-15,İade,897.81,TRY,Uber,Yemek,0,0
TXN938518,CUST0004,1792900707995124,2025-01-15,Satın Alma,2524.08,TRY,Airbnb,Seyahat,6,5
TXN169244,CUST0004,1792900707995124,2024-12-21,Ödeme,3177.55,TRY,Walmart,Faturalar,3,2
TXN787026,CUST0004,1792900707995124,2025-03-03,Satın Alma,1000.81,TRY,Walmart,Elektronik,3,3
TXN844111,CUST0004,1792900707995124,2024-09-20,İade,4197.51,TRY,Spotify,Faturalar,9,5
TXN543904,CUST0004,1792900707995124,2024-10-04,Ödeme,1270.0,TRY,Spotify,Faturalar,0,0
TXN964496,CUST0004,1792900707995124,2024-11-17,Satın Alma,518.04,TRY,Uber,Eğlence,9,6
TXN984933,CUST0004,1792900707995124,2024-11-10,İade,4660.12,TRY,IKEA,Alışveriş,0,0
TXN290257,CUST0004,1792900707995124,2025-03-06,Para Çekme,74.2,TRY,Netflix,Yemek,6,4
TXN563571,CUST0004,4602763060993585,2025-01-09,Para Çekme,4379.65,TRY,Airbnb,Faturalar,3,0
TXN822666,CUST0004,4602763060993585,2025-02-07,Satın Alma,173.01,TRY,Walmart,Seyahat,6,6
TXN227499,CUST0004,4602763060993585,2024-11-25,Satın Alma,3338.17,TRY,Amazon,Elektronik,6,0
TXN285563,CUST0004,4602763060993585,2025-02-27,Satın Alma,1517.61,TRY,Netflix,Eğlence,3,2
TXN533293,CUST0004,4602763060993585,2024-09-29,Ödeme,3592.21,TRY,Spotify,Faturalar,9,4
TXN776855,CUST0004,4602763060993585,2025-02-09,Para Çekme,3064.55,TRY,Apple Store,Yemek,6,5
TXN254520,CUST0004,4602763060993585,2024-11-17,İade,1157.19,TRY,Uber,Seyahat,9,4
TXN407186,CUST0004,4602763060993585,2024-11-09,İade,4445.84,TRY,Airbnb,Market,9,6
TXN464820,CUST0004,4602763060993585,2025-01-17,İade,4301.42,TRY,Apple Store,Seyahat,12,2
TXN238104,CUST0004,4602763060993585,2024-12-04,İade,1808.36,TRY,Netflix,Eğlence,9,3
TXN385233,CUST0004,4602763060993585,2025-01-13,Satın Alma,824.84,TRY,IKEA,Market,0,0
TXN555496,CUST0004,4602763060993585,2024-10-13,Para Çekme,4382.19,TRY,IKEA,Faturalar,6,0
TXN921879,CUST0004,4602763060993585,2024-09-21,Para Çekme,1610.35,TRY,Spotify,Alışveriş,3,2
TXN537054,CUST0004,4602763060993585,2024-10-02,Ödeme,3856.52,TRY,Spotify,Elektronik,9,1
TXN731628,CUST0005,1699090411842566,2024-12-06,Ödeme,1881.13,TRY,Spotify,Seyahat,12,5
TXN882541,CUST0005,1699090411842566,2024-11-14,Satın Alma,4717.64,TRY,Netflix,Yemek,6,1
TXN675290,CUST0005,1699090411842566,2024-12-31,Satın Alma,3833.12,TRY,Netflix,Elektronik,9,3
TXN555217,CUST0005,1699090411842566,2024-10-02,Para Çekme,4960.0,TRY,IKEA,Yemek,9,4
TXN646180,CUST0005,1699090411842566,2024-12-28,Ödeme,4086.1,TRY,Apple Store,Market,6,0
TXN896166,CUST0005,1699090411842566,2025-02-25,Para Çekme,3773.34,TRY,IKEA,Faturalar,9,7
TXN326303,CUST0005,1699090411842566,2024-11-22,İade,308.33,TRY,Apple Store,Seyahat,0,0
TXN559873,CUST0005,1699090411842566,2025-01-24,Para Çekme,1296.52,TRY,Walmart,Elektronik,3,0
TXN149905,CUST0005,8034224731375534,2024-09-19,İade,546.61,TRY,Spotify,Yemek,12,7
TXN891608,CUST0005,8034224731375534,2025-02-24,Ödeme,466.17,TRY,Walmart,Elektronik,3,1
TXN797250,CUST0005,8034224731375534,2024-12-13,Para Çekme,1881.95,TRY,Airbnb,Seyahat,12,1
TXN274312,CUST0005,8034224731375534,2024-12-09,Satın Alma,501.66,TRY,Netflix,Market,12,12
TXN663015,CUST0005,8034224731375534,2025-03-06,Para Çekme,2849.37,TRY,Uber,Alışveriş,0,0
TXN198767,CUST0005,8034224731375534,2024-11-03,Ödeme,3571.95,TRY,IKEA,Eğlence,9,9
TXN292557,CUST0005,8034224731375534,2024-10-20,Ödeme,3303.5,TRY,Apple Store,Yemek,3,3
TXN851892,CUST0005,8034224731375534,2024-11-05,Satın Alma,251.4,TRY,Spotify,Elektronik,0,0
TXN965910,CUST0005,8034224731375534,2025-01-24,Ödeme,3081.22,TRY,Netflix,Eğlence,0,0
TXN697844,CUST0005,8034224731375534,2025-01-21,Para Çekme,3910.4,TRY,Spotify,Elektronik,0,0
TXN342032,CUST0005,8034224731375534,2025-03-12,Ödeme,2466.95,TRY,Apple Store,Faturalar,12,0
TXN470124,CUST0005,8034224731375534,2025-02-08,Para Çekme,3829.53,TRY,Spotify,Market,0,0
TXN774175,CUST0005,8034224731375534,2025-01-09,Para Çekme,3285.7,TRY,IKEA,Eğlence,9,1
TXN913318,CUST0005,8034224731375534,2024-09-29,Para Çekme,833.48,TRY,Netflix,Market,3,1
TXN126337,CUST0005,8034224731375534,2024-10-05,Ödeme,1566.07,TRY,Netflix,Market,9,1
TXN872749,CUST0005,4224568409073573,2024-10-10,Ödeme,2462.93,TRY,Uber,Faturalar,0,0
TXN638710,CUST0005,4224568409073573,2024-11-12,Satın Alma,3163.24,TRY,Spotify,Yemek,12,5
TXN991654,CUST0005,4224568409073573,2025-02-02,Ödeme,4378.94,TRY,Uber,Eğlence,12,10
TXN819646,CUST0005,4224568409073573,2025-03-10,Para Çekme,4576.23,TRY,Amazon,Faturalar,3,1
TXN622726,CUST0005,4224568409073573,2025-02-01,Para Çekme,3239.84,TRY,Apple Store,Yemek,6,6
TXN484088,CUST0005,4224568409073573,2024-10-03,Para Çekme,380.02,TRY,Airbnb,Alışveriş,0,0
TXN136114,CUST0005,4224568409073573,2024-10-11,Ödeme,2726.95,TRY,Airbnb,Seyahat,9,2
TXN957221,CUST0005,4224568409073573,2024-10-21,Ödeme,4987.75,TRY,Starbucks,Seyahat,0,0
TXN703225,CUST0005,4224568409073573,2024-10-20,Ödeme,4829.89,TRY,Netflix,Alışveriş,9,3
TXN656674,CUST0005,4224568409073573,2025-02-23,İade,3681.47,TRY,Walmart,Faturalar,3,1
TXN237583,CUST0005,4224568409073573,2024-11-27,Satın Alma,1788.05,TRY,Airbnb,Faturalar,3,1
TXN619326,CUST0005,4224568409073573,2024-10-15,Ödeme,2865.59,TRY,Airbnb,Yemek,12,7
TXN248594,CUST0005,5743906008372029,2025-01-21,İade,3678.54,TRY,Uber,Yemek,12,4
TXN439570,CUST0005,5743906008372029,2024-12-29,İade,2712.37,TRY,Amazon,Yemek,6,5
TXN743518,CUST0005,5743906008372029,2025-01-05,Satın Alma,2458.14,TRY,Netflix,Faturalar,6,3
TXN131513,CUST0005,5743906008372029,2024-10-26,İade,2445.74,TRY,Netflix,Alışveriş,0,0
TXN203213,CUST0005,5743906008372029,2024-10-05,Satın Alma,2991.04,TRY,Spotify,Elektronik,9,2
TXN798171,CUST0005,5743906008372029,2024-11-12,İade,2281.83,TRY,Uber,Seyahat,12,8
TXN858944,CUST0005,5743906008372029,2024-09-24,Satın Alma,3415.18,TRY,Amazon,Alışveriş,9,0
TXN464016,CUST0005,5743906008372029,2025-03-03,Ödeme,4026.71,TRY,Apple Store,Market,12,10
TXN947122,CUST0005,5743906008372029,2025-01-04,İade,4929.47,TRY,Netflix,Alışveriş,6,6
TXN373778,CUST0005,5743906008372029,2024-12-24,İade,3051.17,TRY,Spotify,Eğlence,3,2
TXN566259,CUST0005,5743906008372029,2025-01-08,Satın Alma,2534.75,TRY,Starbucks,Market,12,9
TXN641056,CUST0005,5743906008372029,2024-11-17,Satın Alma,2013.03,TRY,Starbucks,Seyahat,3,2
TXN331115,CUST0005,5743906008372029,2024-12-28,İade,2513.95,TRY,Amazon,Eğlence,9,9
TXN507024,CUST0005,5743906008372029,2024-09-26,Ödeme,592.06,TRY,IKEA,Alışveriş,9,8
TXN204365,CUST0005,9839547165274916,2024-11-27,Para Çekme,586.47,TRY,Starbucks,Market,12,9
TXN819362,CUST0005,9839547165274916,2024-11-15,İade,3393.08,TRY,Apple Store,Yemek,0,0
TXN750868,CUST0005,9839547165274916,2024-12-04,Satın Alma,3984.71,TRY,Apple Store,Yemek,9,7
TXN541521,CUST0005,9839547165274916,2024-10-25,Satın Alma,1843.9,TRY,Uber,Alışveriş,12,9
TXN472760,CUST0005,9839547165274916,2024-11-13,İade,624.11,TRY,Spotify,Seyahat,3,2
TXN656046,CUST0005,9839547165274916,2025-01-31,Para Çekme,1813.3,TRY,IKEA,Market,9,6
TXN904804,CUST0005,9839547165274916,2024-12-07,Satın Alma,4754.26,TRY,Spotify,Seyahat,3,2
TXN721384,CUST0005,9839547165274916,2025-01-09,Ödeme,551.08,TRY,Starbucks,Alışveriş,9,0
TXN643092,CUST0005,9839547165274916,2025-02-16,Para Çekme,4814.36,TRY,Uber,Yemek,12,3
TXN541347,CUST0005,9839547165274916,2024-09-28,Satın Alma,2848.34,TRY,Starbucks,Market,12,10
TXN910775,CUST0005,9839547165274916,2024-09-20,Satın Alma,3651.32,TRY,Uber,Eğlence,9,6
TXN973034,CUST0005,9839547165274916,2024-09-19,Para Çekme,3664.98,TRY,Uber,Elektronik,12,4
TXN812666,CUST0005,9839547165274916,2025-02-04,Para Çekme,4650.02,TRY,Walmart,Faturalar,0,0
TXN477193,CUST0005,9839547165274916,2025-02-06,İade,3247.9,TRY,IKEA,Market,3,0
TXN100106,CUST0006,6378062115206867,2025-01-11,Satın Alma,880.33,TRY,Apple Store,Faturalar,12,12
TXN638531,CUST0006,6378062115206867,2024-11-25,Satın Alma,2279.89,TRY,Netflix,Yemek,6,3
TXN396774,CUST0006,6378062115206867,2025-03-11,Ödeme,1307.38,TRY,Apple Store,Market,9,1
TXN908393,CUST0006,6378062115206867,2024-10-24,Satın Alma,3341.96,TRY,Spotify,Seyahat,9,5
TXN910379,CUST0006,6378062115206867,2025-03-05,Ödeme,3357.85,TRY,Apple Store,Elektronik,12,5
TXN453212,CUST0006,6378062115206867,2025-01-30,Ödeme,4931.93,TRY,Starbucks,Eğlence,6,4
TXN938473,CUST0006,6378062115206867,2024-10-08,İade,2168.6,TRY,Uber,Yemek,12,1
TXN374954,CUST0006,6378062115206867,2024-10-11,Satın Alma,2174.16,TRY,Starbucks,Faturalar,3,2
TXN733728,CUST0006,6378062115206867,2024-12-19,Satın Alma,387.7,TRY,Apple Store,Alışveriş,0,0
TXN295295,CUST0006,6039788579741440,2025-02-17,Para Çekme,2315.56,TRY,IKEA,Faturalar,9,0
TXN158723,CUST0006,6039788579741440,2025-01-02,Ödeme,1863.95,TRY,Netflix,Eğlence,0,0
TXN350572,CUST0006,6039788579741440,2025-03-01,Satın Alma,2077.31,TRY,Airbnb,Seyahat,12,1
TXN498629,CUST0006,6039788579741440,2024-10-25,İade,483.28,TRY,Apple Store,Faturalar,0,0
TXN633358,CUST0006,6039788579741440,2024-11-24,Para Çekme,4279.02,TRY,Airbnb,Market,3,1
TXN390780,CUST0006,6039788579741440,2024-11-03,Ödeme,4916.3,TRY,Amazon,Market,3,3
TXN408378,CUST0006,7909361420287462,2025-01-18,Satın Alma,4860.92,TRY,Spotify,Eğlence,9,5
TXN132141,CUST0006,7909361420287462,2025-02-04,Para Çekme,1450.05,TRY,Spotify,Seyahat,6,4
TXN670920,CUST0006,7909361420287462,2024-11-27,Para Çekme,3539.85,TRY,Apple Store,Market,9,0
TXN834743,CUST0006,7909361420287462,2024-10-04,Ödeme,1499.85,TRY,Starbucks,Yemek,12,5
TXN754297,CUST0006,7909361420287462,2025-01-24,Ödeme,3573.31,TRY,Amazon,Eğlence,6,4
TXN387739,CUST0006,7909361420287462,2024-10-17,Para Çekme,813.35,TRY,Amazon,Eğlence,0,0
TXN450614,CUST0006,7909361420287462,2025-01-26,Ödeme,824.25,TRY,Starbucks,Market,12,10
TXN972059,CUST0006,7909361420287462,2024-10-31,İade,1834.41,TRY,Apple Store,Yemek,3,2
TXN639877,CUST0006,7909361420287462,2024-10-29,İade,2146.1,TRY,IKEA,Faturalar,0,0
TXN714425,CUST0006,7909361420287462,2025-01-13,İade,3554.7,TRY,Apple Store,Alışveriş,12,9
TXN302350,CUST0006,7909361420287462,2024-11-13,Ödeme,1501.08,TRY,Netflix,Market,9,9
TXN226723,CUST0006,7909361420287462,2025-01-15,Ödeme,701.2,TRY,Starbucks,Faturalar,9,4
TXN820703,CUST0006,6109419882127555,2025-03-08,Para Çekme,3412.04,TRY,Uber,Eğlence,12,8
TXN950541,CUST0006,6109419882127555,2025-01-21,İade,3795.98,TRY,Uber,Yemek,0,0
TXN429758,CUST0006,6109419882127555,2025-01-26,Para Çekme,1843.94,TRY,Walmart,Seyahat,12,6
TXN434634,CUST0006,6109419882127555,2024-09-27,İade,4259.46,TRY,Airbnb,Faturalar,6,5
TXN268058,CUST0006,6109419882127555,2025-03-01,Para Çekme,998.98,TRY,Spotify,Market,6,3
TXN130216,CUST0006,6109419882127555,2024-10-20,Para Çekme,3550.11,TRY,Airbnb,Yemek,0,0
TXN891417,CUST0006,6109419882127555,2024-12-30,Satın Alma,2650.4,TRY,Starbucks,Elektronik,6,6
TXN657078,CUST0006,1911371505113074,2025-01-01,Ödeme,1637.67,TRY,Starbucks,Eğlence,6,2
TXN550411,CUST0006,1911371505113074,2024-10-04,Ödeme,3519.22,TRY,Starbucks,Yemek,3,1
TXN663217,CUST0006,1911371505113074,2024-12-21,Para Çekme,1058.89,TRY,Walmart,Elektronik,3,1
TXN951524,CUST0006,1911371505113074,2024-10-14,İade,4875.68,TRY,Airbnb,Elektronik,3,1
TXN650284,CUST0006,1911371505113074,2025-02-24,Para Çekme,10.4,TRY,Apple Store,Yemek,12,12
TXN546516,CUST0007,2299407941659131,2025-03-02,Ödeme,3501.47,TRY,Netflix,Yemek,12,4
TXN338460,CUST0007,2299407941659131,2024-11-13,Para Çekme,1775.23,TRY,Netflix,Yemek,3,3
TXN787401,CUST0007,2299407941659131,2024-09-22,İade,2627.86,TRY,Spotify,Seyahat,6,3
TXN808562,CUST0007,2299407941659131,2024-11-22,Para Çekme,809.88,TRY,Uber,Market,9,2
TXN568500,CUST0007,2299407941659131,2025-01-09,Satın Alma,1081.69,TRY,Apple Store,Yemek,9,7
TXN773872,CUST0007,2299407941659131,2024-11-04,Satın Alma,1990.18,TRY,Walmart,Elektronik,9,0
TXN111288,CUST0007,7086306978569575,2024-11-28,Ödeme,2762.73,TRY,Starbucks,Alışveriş,12,12
TXN433663,CUST0007,7086306978569575,2024-09-27,İade,4410.97,TRY,Amazon,Yemek,12,1
TXN129888,CUST0007,7086306978569575,2025-02-13,Satın Alma,2743.71,TRY,Spotify,Eğlence,0,0
TXN688367,CUST0007,7086306978569575,2025-03-07,İade,2518.2,TRY,Walmart,Seyahat,3,3
TXN856453,CUST0007,7086306978569575,2024-09-29,İade,4146.76,TRY,Spotify,Yemek,12,1
TXN383526,CUST0007,8221157793424997,2024-11-16,Satın Alma,1293.85,TRY,Apple Store,Elektronik,3,2
TXN889760,CUST0007,8221157793424997,2025-03-06,Para Çekme,870.12,TRY,Spotify,Elektronik,6,0
TXN117236,CUST0007,8221157793424997,2024-10-07,Ödeme,2255.08,TRY,Amazon,Market,12,9
TXN600505,CUST0007,8221157793424997,2024-12-17,Satın Alma,4434.63,TRY,Walmart,Eğlence,0,0
TXN679624,CUST0007,8221157793424997,2024-10-26,İade,2922.89,TRY,Amazon,Market,0,0
TXN249237,CUST0007,8221157793424997,2024-11-08,Ödeme,1711.54,TRY,Starbucks,Yemek,12,0
TXN506369,CUST0007,8221157793424997,2024-10-04,İade,2170.47,TRY,Apple Store,Elektronik,12,1
TXN636206,CUST0007,8221157793424997,2024-09-25,Para Çekme,3882.49,TRY,Starbucks,Yemek,3,1
TXN982530,CUST0007,8221157793424997,2025-03-01,Ödeme,1961.65,TRY,Apple Store,Market,12,1
TXN875980,CUST0007,8221157793424997,2025-01-25,Para Çekme,3455.88,TRY,Walmart,Faturalar,6,3
TXN689343,CUST0007,8221157793424997,2024-12-05,Satın Alma,3068.81,TRY,IKEA,Faturalar,3,3
TXN154772,CUST0007,8221157793424997,2024-11-16,Ödeme,1321.66,TRY,Walmart,Faturalar,9,2
TXN709407,CUST0007,8221157793424997,2025-01-30,İade,1236.06,TRY,Apple Store,Faturalar,9,4
TXN225214,CUST0007,8221157793424997,2025-01-06,Satın Alma,4092.06,TRY,Starbucks,Alışveriş,6,4
TXN836867,CUST0007,2290986030870808,2024-12-05,Satın Alma,2089.48,TRY,IKEA,Yemek,12,2
TXN823263,CUST0007,2290986030870808,2024-09-25,Ödeme,3010.1,TRY,Starbucks,Elektronik,3,1
TXN326643,CUST0007,2290986030870808,2025-03-12,Satın Alma,4769.01,TRY,Netflix,Seyahat,0,0
TXN817370,CUST0007,2290986030870808,2024-10-01,Ödeme,4038.24,TRY,IKEA,Eğlence,9,3
TXN838052,CUST0007,2290986030870808,2024-12-25,İade,875.93,TRY,Walmart,Faturalar,12,6
TXN113030,CUST0007,2290986030870808,2024-12-18,Satın Alma,4771.36,TRY,Amazon,Alışveriş,9,9
TXN439045,CUST0007,2290986030870808,2025-02-21,Satın Alma,1858.3,TRY,Starbucks,Yemek,9,4
TXN251955,CUST0007,2290986030870808,2025-03-09,Ödeme,166.09,TRY,IKEA,Alışveriş,12,2
TXN376029,CUST0007,3383989697006497,2024-12-28,Para Çekme,2753.96,TRY,IKEA,Alışveriş,6,0
TXN410348,CUST0007,3383989697006497,2024-12-26,Ödeme,4749.16,TRY,Apple Store,Seyahat,12,10
TXN468329,CUST0007,3383989697006497,2025-01-09,Para Çekme,4329.01,TRY,Uber,Eğlence,0,0
TXN144715,CUST0007,3383989697006497,2024-11-06,Ödeme,746.17,TRY,Airbnb,Eğlence,12,0
TXN592344,CUST0007,3383989697006497,2024-10-09,İade,4610.9,TRY,Spotify,Alışveriş,0,0
TXN537737,CUST0007,3383989697006497,2024-10-10,Ödeme,569.49,TRY,Walmart,Elektronik,12,10
TXN395311,CUST0007,3383989697006497,2024-11-12,Para Çekme,134.46,TRY,Amazon,Alışveriş,12,5
TXN795659,CUST0007,3383989697006497,2024-10-14,Satın Alma,1111.12,TRY,Uber,Market,9,1
TXN582173,CUST0007,3383989697006497,2024-12-27,Para Çekme,325.91,TRY,Walmart,Yemek,12,0
TXN975372,CUST0007,3383989697006497,2024-12-18,Para Çekme,2171.14,TRY,Spotify,Faturalar,3,1
TXN456027,CUST0007,3383989697006497,2025-02-23,İade,2520.01,TRY,Netflix,Alışveriş,6,3
TXN339014,CUST0007,3383989697006497,2024-11-26,Satın Alma,437.09,TRY,Walmart,Eğlence,9,2
TXN642960,CUST0008,9090026662764919,2024-10-05,Satın Alma,1580.35,TRY,Uber,Market,3,2
TXN827921,CUST0008,9090026662764919,2024-11-30,Para Çekme,657.66,TRY,Netflix,Faturalar,3,2
TXN866817,CUST0008,9090026662764919,2024-11-06,İade,4370.88,TRY,Netflix,Yemek,0,0
TXN869726,CUST0008,9090026662764919,2024-11-18,Ödeme,1580.22,TRY,Apple Store,Elektronik,9,8
TXN601831,CUST0008,9090026662764919,2025-01-08,Satın Alma,2023.22,TRY,Starbucks,Elektronik,12,5
TXN288663,CUST0008,9090026662764919,2025-03-07,Satın Alma,201.86,TRY,Uber,Faturalar,3,1
TXN105574,CUST0008,9090026662764919,2025-01-28,İade,3051.98,TRY,IKEA,Alışveriş,6,5
TXN205902,CUST0008,9090026662764919,2025-02-05,Ödeme,3114.91,TRY,Spotify,Market,6,4
TXN270795,CUST0008,9090026662764919,2024-10-13,Ödeme,2998.92,TRY,Amazon,Faturalar,9,0
TXN389674,CUST0008,7800090650073275,2024-09-26,Satın Alma,2491.72,TRY,Amazon,Eğlence,12,7
TXN377722,CUST0008,7800090650073275,2024-11-04,Ödeme,3329.09,TRY,Netflix,Seyahat,9,2
TXN791112,CUST0008,7800090650073275,2025-02-08,İade,64.31,TRY,Netflix,Alışveriş,12,12
TXN105571,CUST0008,7800090650073275,2024-11-26,Ödeme,4205.95,TRY,Spotify,Elektronik,9,6
TXN933711,CUST0008,7800090650073275,2024-12-12,İade,1303.47,TRY,Amazon,Elektronik,3,2
TXN737374,CUST0008,7800090650073275,2024-09-29,İade,1921.6,TRY,Starbucks,Eğlence,3,2
TXN309211,CUST0008,7800090650073275,2025-02-28,Ödeme,2538.41,TRY,Netflix,Yemek,12,3
TXN422724,CUST0008,7800090650073275,2025-01-04,İade,2133.34,TRY,Spotify,Alışveriş,9,6
TXN237111,CUST0008,7800090650073275,2024-11-06,Satın Alma,381.56,TRY,Uber,Elektronik,3,0
TXN471098,CUST0008,7800090650073275,2024-12-29,Satın Alma,2803.03,TRY,Apple Store,Seyahat,6,2
TXN578841,CUST0008,7800090650073275,2024-10-03,İade,1921.77,TRY,Airbnb,Market,6,1
TXN834142,CUST0008,7800090650073275,2025-02-18,Ödeme,3117.33,TRY,Starbucks,Eğlence,9,5
TXN477314,CUST0008,7800090650073275,2025-02-11,Ödeme,427.1,TRY,Netflix,Faturalar,3,0
TXN889671,CUST0008,7908695671192641,2024-11-18,Ödeme,1825.1,TRY,Uber,Elektronik,6,5
TXN289778,CUST0008,7908695671192641,2024-12-07,İade,3000.62,TRY,Airbnb,Alışveriş,0,0
TXN581786,CUST0008,7908695671192641,2025-03-02,Satın Alma,4056.02,TRY,IKEA,Faturalar,9,0
TXN666838,CUST0008,7908695671192641,2024-09-23,Ödeme,2684.43,TRY,IKEA,Eğlence,6,3
TXN471444,CUST0008,7908695671192641,2024-10-23,Satın Alma,2634.39,TRY,Spotify,Seyahat,12,10
TXN734145,CUST0008,7908695671192641,2024-10-23,Ödeme,2126.75,TRY,Uber,Eğlence,0,0
TXN472224,CUST0008,7908695671192641,2024-09-19,Satın Alma,2599.97,TRY,Airbnb,Alışveriş,9,5
TXN847053,CUST0008,7908695671192641,2024-10-25,Satın Alma,4791.02,TRY,Starbucks,Elektronik,3,1
TXN836697,CUST0008,7908695671192641,2024-12-03,Para Çekme,2453.71,TRY,Netflix,Alışveriş,3,0
TXN863676,CUST0008,7908695671192641,2024-11-21,İade,2305.45,TRY,Apple Store,Yemek,9,3
TXN778247,CUST0008,7908695671192641,2024-11-03,Satın Alma,1551.49,TRY,Spotify,Faturalar,0,0
TXN844530,CUST0008,7908695671192641,2024-12-31,Para Çekme,2751.78,TRY,Spotify,Seyahat,0,0
TXN521609,CUST0008,2269767524055842,2025-01-18,Para Çekme,1310.31,TRY,Starbucks,Faturalar,6,1
TXN592958,CUST0008,2269767524055842,2024-11-27,Ödeme,4759.63,TRY,Amazon,Seyahat,0,0
TXN289077,CUST0008,2269767524055842,2025-01-12,Para Çekme,3399.14,TRY,Uber,Market,3,0
TXN500850,CUST0008,2269767524055842,2024-11-01,Ödeme,4080.88,TRY,Amazon,Elektronik,3,1
TXN922318,CUST0008,2269767524055842,2024-10-13,İade,28.22,TRY,Starbucks,Faturalar,9,3
TXN665931,CUST0008,2292732465205972,2025-03-10,Para Çekme,173.76,TRY,Uber,Elektronik,6,4
TXN842197,CUST0008,2292732465205972,2024-10-29,İade,4263.26,TRY,Apple Store,Eğlence,12,8
TXN870031,CUST0008,2292732465205972,2025-03-09,Satın Alma,2422.72,TRY,Amazon,Alışveriş,9,5
TXN557859,CUST0008,2292732465205972,2025-03-09,Satın Alma,2856.84,TRY,Amazon,Seyahat,6,3
TXN846589,CUST0008,2292732465205972,2025-02-11,Ödeme,2450.49,TRY,IKEA,Alışveriş,3,2
TXN744372,CUST0008,2292732465205972,2024-11-13,Para Çekme,3304.14,TRY,Spotify,Alışveriş,3,1
TXN299206,CUST0008,2292732465205972,2024-12-03,Satın Alma,2136.92,TRY,IKEA,Eğlence,6,2
TXN764364,CUST0009,5719598269041479,2025-01-23,Ödeme,3134.0,TRY,IKEA,Elektronik,12,5
TXN996709,CUST0009,5719598269041479,2024-10-25,Satın Alma,2786.03,TRY,Uber,Market,6,0
TXN882734,CUST0009,5719598269041479,2024-11-17,Para Çekme,2288.38,TRY,Spotify,Market,9,1
TXN290170,CUST0009,5719598269041479,2024-12-11,Satın Alma,215.47,TRY,Uber,Elektronik,12,11
TXN552876,CUST0009,5719598269041479,2025-02-04,Ödeme,884.93,TRY,Apple Store,Seyahat,12,4
TXN921750,CUST0009,5719598269041479,2024-09-25,Ödeme,3963.0,TRY,Spotify,Yemek,0,0
TXN280028,CUST0009,5719598269041479,2024-09-29,Ödeme,4839.71,TRY,Netflix,Eğlence,3,0
TXN512756,CUST0009,5719598269041479,2024-10-12,İade,1282.96,TRY,Amazon,Eğlence,0,0
TXN264773,CUST0009,5719598269041479,2024-09-20,Satın Alma,1990.43,TRY,IKEA,Faturalar,6,2
TXN646008,CUST0009,5719598269041479,2024-12-30,Satın Alma,373.28,TRY,Spotify,Eğlence,0,0
TXN342641,CUST0009,5719598269041479,2025-01-19,İade,577.29,TRY,IKEA,Alışveriş,0,0
TXN449960,CUST0009,6177515313088943,2025-02-08,Ödeme,1510.71,TRY,Amazon,Seyahat,6,4
TXN180369,CUST0009,6177515313088943,2024-12-28,Satın Alma,1110.05,TRY,Netflix,Alışveriş,6,3
TXN158033,CUST0009,6177515313088943,2025-01-22,Ödeme,2485.23,TRY,Netflix,Eğlence,6,6
TXN366580,CUST0009,6177515313088943,2025-01-14,Satın Alma,1287.55,TRY,Netflix,Market,12,9
TXN640479,CUST0009,6177515313088943,2024-10-21,Ödeme,2028.55,TRY,IKEA,Eğlence,9,0
TXN983964,CUST0009,6177515313088943,2025-01-27,Para Çekme,4355.91,TRY,Walmart,Yemek,3,1
TXN439608,CUST0009,6177515313088943,2024-11-12,İade,185.64,TRY,Netflix,Elektronik,12,11
TXN898289,CUST0009,7012841635461498,2025-01-08,Para Çekme,3512.24,TRY,Starbucks,Yemek,0,0
TXN350374,CUST0009,7012841635461498,2024-10-21,Satın Alma,1682.09,TRY,Walmart,Market,9,0
TXN466708,CUST0009,7012841635461498,2024-10-13,İade,1366.27,TRY,Spotify,Alışveriş,9,6
TXN349661,CUST0009,7012841635461498,2025-02-21,Satın Alma,4064.89,TRY,IKEA,Elektronik,3,2
TXN173353,CUST0009,7012841635461498,2025-02-14,İade,4141.63,TRY,Netflix,Eğlence,9,8
TXN572637,CUST0009,7012841635461498,2024-09-21,İade,3738.24,TRY,IKEA,Faturalar,6,6
TXN659628,CUST0009,7012841635461498,2024-12-25,Para Çekme,462.94,TRY,Netflix,Eğlence,3,2
TXN989430,CUST0009,3851342201784451,2025-01-28,Para Çekme,4858.28,TRY,Starbucks,Eğlence,12,7
TXN366729,CUST0009,3851342201784451,2025-03-12,Ödeme,1650.5,TRY,Uber,Faturalar,6,6
TXN956529,CUST0009,3851342201784451,2024-10-21,İade,4884.41,TRY,Amazon,Elektronik,6,0
TXN955157,CUST0009,3851342201784451,2025-01-01,Ödeme,3411.94,TRY,Apple Store,Eğlence,9,2
TXN998129,CUST0009,3851342201784451,2024-11-20,Para Çekme,2568.69,TRY,Walmart,Yemek,3,2
TXN510043,CUST0009,3851342201784451,2025-02-21,Ödeme,1929.46,TRY,Spotify,Eğlence,0,0
TXN439028,CUST0009,3851342201784451,2025-01-25,Para Çekme,1143.45,TRY,Spotify,Faturalar,3,3
TXN857522,CUST0009,3851342201784451,2024-10-12,Ödeme,2774.83,TRY,Airbnb,Yemek,6,3
TXN772482,CUST0009,3851342201784451,2024-09-21,İade,229.37,TRY,Spotify,Yemek,3,0
TXN760007,CUST0009,3851342201784451,2024-12-27,Para Çekme,4724.78,TRY,Airbnb,Market,3,1
TXN395943,CUST0009,6354081687936806,2024-10-07,Ödeme,3280.42,TRY,Uber,Faturalar,12,7
TXN190964,CUST0009,6354081687936806,2025-02-10,İade,3214.0,TRY,Walmart,Eğlence,0,0
TXN798027,CUST0009,6354081687936806,2024-10-13,Para Çekme,555.52,TRY,Airbnb,Market,12,11
TXN804100,CUST0009,6354081687936806,2025-02-03,Para Çekme,4087.71,TRY,IKEA,Eğlence,3,0
TXN402327,CUST0009,6354081687936806,2024-12-08,Ödeme,546.08,TRY,Airbnb,Seyahat,6,1
TXN534224,CUST0009,6354081687936806,2025-01-31,Satın Alma,1902.02,TRY,Apple Store,Faturalar,9,3
TXN626898,CUST0009,6354081687936806,2024-12-16,Ödeme,4409.35,TRY,Airbnb,Seyahat,9,9
TXN755057,CUST0009,6354081687936806,2025-02-05,İade,1456.69,TRY,Airbnb,Faturalar,3,3
TXN224886,CUST0009,6354081687936806,2024-12-24,İade,3904.33,TRY,Walmart,Alışveriş,9,0
TXN701268,CUST0010,2271629001041315,2024-09-27,Ödeme,337.0,TRY,IKEA,Faturalar,9,3
TXN880031,CUST0010,2271629001041315,2024-11-12,Ödeme,3694.96,TRY,Spotify,Eğlence,0,0
TXN793359,CUST0010,2271629001041315,2024-12-22,Ödeme,651.26,TRY,IKEA,Elektronik,9,7
TXN611944,CUST0010,2271629001041315,2025-02-24,Ödeme,2070.49,TRY,Starbucks,Market,0,0
TXN714537,CUST0010,2271629001041315,2024-11-27,Ödeme,2566.48,TRY,Uber,Elektronik,12,6
TXN379039,CUST0010,5179017894113054,2024-12-08,İade,4652.06,TRY,IKEA,Alışveriş,3,0
TXN503382,CUST0010,5179017894113054,2024-12-18,Para Çekme,1917.14,TRY,Spotify,Seyahat,6,1
TXN586417,CUST0010,5179017894113054,2024-12-06,Ödeme,4886.37,TRY,Starbucks,Seyahat,6,3
TXN163434,CUST0010,5179017894113054,2024-12-08,Ödeme,4551.59,TRY,Apple Store,Elektronik,0,0
TXN334047,CUST0010,5179017894113054,2024-10-20,İade,3613.55,TRY,Netflix,Faturalar,12,12
TXN174885,CUST0010,5179017894113054,2024-11-30,Satın Alma,2847.08,TRY,Spotify,Alışveriş,3,0
TXN901252,CUST0010,5179017894113054,2024-11-20,Para Çekme,2272.5,TRY,Walmart,Alışveriş,3,0
TXN675792,CUST0010,8026209636404314,2024-10-28,Ödeme,3955.62,TRY,Amazon,Yemek,3,3
TXN357273,CUST0010,8026209636404314,2024-10-20,İade,2039.1,TRY,Starbucks,Eğlence,12,12
TXN391881,CUST0010,8026209636404314,2024-12-30,İade,1722.86,TRY,Airbnb,Market,12,12
TXN952150,CUST0010,8026209636404314,2025-02-14,Ödeme,4238.11,TRY,Uber,Market,6,1
TXN795558,CUST0010,8026209636404314,2025-02-10,Para Çekme,4399.16,TRY,Spotify,Elektronik,6,2
TXN401653,CUST0010,2896758419810723,2024-11-03,İade,241.55,TRY,Uber,Alışveriş,12,5
TXN188887,CUST0010,2896758419810723,2025-01-17,Satın Alma,21.43,TRY,Apple Store,Market,3,3
TXN992835,CUST0010,2896758419810723,2024-10-28,Ödeme,1632.77,TRY,Airbnb,Eğlence,0,0
TXN471657,CUST0010,2896758419810723,2024-09-15,Satın Alma,743.88,TRY,Spotify,Market,0,0
TXN753987,CUST0010,2896758419810723,2024-12-16,Satın Alma,4661.5,TRY,Apple Store,Yemek,3,1
TXN575256,CUST0010,2896758419810723,2025-03-13,İade,3908.9,TRY,Starbucks,Alışveriş,9,1
TXN839864,CUST0010,2896758419810723,2024-11-04,Satın Alma,910.54,TRY,IKEA,Seyahat,3,3
TXN543904,CUST0010,2896758419810723,2025-02-03,Ödeme,3221.08,TRY,IKEA,Faturalar,6,0
TXN973309,CUST0010,2896758419810723,2024-09-29,Ödeme,774.1,TRY,Spotify,Elektronik,9,1
TXN903549,CUST0010,2896758419810723,2024-12-21,Ödeme,4724.91,TRY,Apple Store,Elektronik,6,1
TXN757837,CUST0010,2896758419810723,2025-03-10,İade,3806.2,TRY,IKEA,Seyahat,9,8
TXN833033,CUST0010,1702948473482732,2024-10-21,Ödeme,4103.64,TRY,Apple Store,Eğlence,6,4
TXN199240,CUST0010,1702948473482732,2024-11-26,Satın Alma,4241.3,TRY,Walmart,Seyahat,12,1
TXN895769,CUST0010,1702948473482732,2025-01-17,Satın Alma,4054.82,TRY,Walmart,Eğlence,3,0
TXN753960,CUST0010,1702948473482732,2025-03-09,Ödeme,1673.45,TRY,Netflix,Faturalar,6,3
TXN296516,CUST0010,1702948473482732,2024-11-22,Satın Alma,2299.96,TRY,Walmart,Market,0,0
TXN126694,CUST0010,1702948473482732,2025-01-09,Para Çekme,415.48,TRY,Netflix,Eğlence,9,1
TXN471016,CUST0010,1702948473482732,2024-11-22,Ödeme,2987.8,TRY,Apple Store,Seyahat,12,6
